"variable","iteration","chain","value"
"current_smoking","1","Chain 1",1.10802469135802
"current_smoking","2","Chain 1",1.07716049382716
"current_smoking","3","Chain 1",1.08950617283951
"current_smoking","4","Chain 1",1.11728395061728
"current_smoking","5","Chain 1",1.08950617283951
"current_smoking","6","Chain 1",1.09567901234568
"current_smoking","7","Chain 1",1.10185185185185
"current_smoking","8","Chain 1",1.10185185185185
"current_smoking","9","Chain 1",1.09567901234568
"current_smoking","10","Chain 1",1.10185185185185
"current_smoking","11","Chain 1",1.10493827160494
"current_smoking","12","Chain 1",1.10493827160494
"current_smoking","13","Chain 1",1.11111111111111
"current_smoking","14","Chain 1",1.08333333333333
"current_smoking","15","Chain 1",1.12654320987654
"current_smoking","16","Chain 1",1.08333333333333
"current_smoking","17","Chain 1",1.09259259259259
"current_smoking","18","Chain 1",1.08641975308642
"current_smoking","19","Chain 1",1.1141975308642
"current_smoking","20","Chain 1",1.09259259259259
"current_smoking","21","Chain 1",1.08024691358025
"current_smoking","22","Chain 1",1.12654320987654
"current_smoking","23","Chain 1",1.07716049382716
"current_smoking","24","Chain 1",1.08641975308642
"current_smoking","25","Chain 1",1.09876543209877
"current_smoking","26","Chain 1",1.08950617283951
"current_smoking","27","Chain 1",1.11111111111111
"current_smoking","28","Chain 1",1.12037037037037
"current_smoking","29","Chain 1",1.06481481481481
"current_smoking","30","Chain 1",1.08024691358025
"current_smoking","31","Chain 1",1.12037037037037
"current_smoking","32","Chain 1",1.1141975308642
"current_smoking","33","Chain 1",1.1141975308642
"current_smoking","34","Chain 1",1.10802469135802
"current_smoking","35","Chain 1",1.08950617283951
"current_smoking","36","Chain 1",1.11111111111111
"current_smoking","37","Chain 1",1.10493827160494
"current_smoking","38","Chain 1",1.10185185185185
"current_smoking","39","Chain 1",1.11728395061728
"current_smoking","40","Chain 1",1.10802469135802
"current_smoking","41","Chain 1",1.11728395061728
"current_smoking","42","Chain 1",1.08024691358025
"current_smoking","43","Chain 1",1.12345679012346
"current_smoking","44","Chain 1",1.11728395061728
"current_smoking","45","Chain 1",1.08024691358025
"current_smoking","46","Chain 1",1.12654320987654
"current_smoking","47","Chain 1",1.07407407407407
"current_smoking","48","Chain 1",1.11728395061728
"current_smoking","49","Chain 1",1.10493827160494
"current_smoking","50","Chain 1",1.08333333333333
"current_smoking","1","Chain 2",1.09259259259259
"current_smoking","2","Chain 2",1.1141975308642
"current_smoking","3","Chain 2",1.09876543209877
"current_smoking","4","Chain 2",1.08641975308642
"current_smoking","5","Chain 2",1.11111111111111
"current_smoking","6","Chain 2",1.12037037037037
"current_smoking","7","Chain 2",1.08641975308642
"current_smoking","8","Chain 2",1.09876543209877
"current_smoking","9","Chain 2",1.09567901234568
"current_smoking","10","Chain 2",1.12345679012346
"current_smoking","11","Chain 2",1.09567901234568
"current_smoking","12","Chain 2",1.10802469135802
"current_smoking","13","Chain 2",1.12654320987654
"current_smoking","14","Chain 2",1.09876543209877
"current_smoking","15","Chain 2",1.06481481481481
"current_smoking","16","Chain 2",1.12037037037037
"current_smoking","17","Chain 2",1.09876543209877
"current_smoking","18","Chain 2",1.0679012345679
"current_smoking","19","Chain 2",1.09259259259259
"current_smoking","20","Chain 2",1.08950617283951
"current_smoking","21","Chain 2",1.1141975308642
"current_smoking","22","Chain 2",1.10185185185185
"current_smoking","23","Chain 2",1.12345679012346
"current_smoking","24","Chain 2",1.08024691358025
"current_smoking","25","Chain 2",1.13271604938272
"current_smoking","26","Chain 2",1.10493827160494
"current_smoking","27","Chain 2",1.11111111111111
"current_smoking","28","Chain 2",1.07098765432099
"current_smoking","29","Chain 2",1.13271604938272
"current_smoking","30","Chain 2",1.09567901234568
"current_smoking","31","Chain 2",1.08950617283951
"current_smoking","32","Chain 2",1.09876543209877
"current_smoking","33","Chain 2",1.11111111111111
"current_smoking","34","Chain 2",1.09259259259259
"current_smoking","35","Chain 2",1.08333333333333
"current_smoking","36","Chain 2",1.10185185185185
"current_smoking","37","Chain 2",1.09567901234568
"current_smoking","38","Chain 2",1.09259259259259
"current_smoking","39","Chain 2",1.08641975308642
"current_smoking","40","Chain 2",1.08950617283951
"current_smoking","41","Chain 2",1.09567901234568
"current_smoking","42","Chain 2",1.10802469135802
"current_smoking","43","Chain 2",1.10493827160494
"current_smoking","44","Chain 2",1.12037037037037
"current_smoking","45","Chain 2",1.09259259259259
"current_smoking","46","Chain 2",1.09876543209877
"current_smoking","47","Chain 2",1.10493827160494
"current_smoking","48","Chain 2",1.12037037037037
"current_smoking","49","Chain 2",1.1141975308642
"current_smoking","50","Chain 2",1.06172839506173
"current_smoking","1","Chain 3",1.10493827160494
"current_smoking","2","Chain 3",1.12654320987654
"current_smoking","3","Chain 3",1.1141975308642
"current_smoking","4","Chain 3",1.09259259259259
"current_smoking","5","Chain 3",1.11111111111111
"current_smoking","6","Chain 3",1.10802469135802
"current_smoking","7","Chain 3",1.09876543209877
"current_smoking","8","Chain 3",1.10802469135802
"current_smoking","9","Chain 3",1.07098765432099
"current_smoking","10","Chain 3",1.09567901234568
"current_smoking","11","Chain 3",1.08641975308642
"current_smoking","12","Chain 3",1.08950617283951
"current_smoking","13","Chain 3",1.10493827160494
"current_smoking","14","Chain 3",1.1141975308642
"current_smoking","15","Chain 3",1.11111111111111
"current_smoking","16","Chain 3",1.08950617283951
"current_smoking","17","Chain 3",1.09876543209877
"current_smoking","18","Chain 3",1.10493827160494
"current_smoking","19","Chain 3",1.09876543209877
"current_smoking","20","Chain 3",1.12962962962963
"current_smoking","21","Chain 3",1.10185185185185
"current_smoking","22","Chain 3",1.12037037037037
"current_smoking","23","Chain 3",1.10802469135802
"current_smoking","24","Chain 3",1.08950617283951
"current_smoking","25","Chain 3",1.11111111111111
"current_smoking","26","Chain 3",1.10185185185185
"current_smoking","27","Chain 3",1.10802469135802
"current_smoking","28","Chain 3",1.09259259259259
"current_smoking","29","Chain 3",1.0679012345679
"current_smoking","30","Chain 3",1.09876543209877
"current_smoking","31","Chain 3",1.09876543209877
"current_smoking","32","Chain 3",1.08950617283951
"current_smoking","33","Chain 3",1.10185185185185
"current_smoking","34","Chain 3",1.09876543209877
"current_smoking","35","Chain 3",1.09876543209877
"current_smoking","36","Chain 3",1.08950617283951
"current_smoking","37","Chain 3",1.09567901234568
"current_smoking","38","Chain 3",1.08641975308642
"current_smoking","39","Chain 3",1.08641975308642
"current_smoking","40","Chain 3",1.10802469135802
"current_smoking","41","Chain 3",1.12962962962963
"current_smoking","42","Chain 3",1.08641975308642
"current_smoking","43","Chain 3",1.13271604938272
"current_smoking","44","Chain 3",1.08641975308642
"current_smoking","45","Chain 3",1.0679012345679
"current_smoking","46","Chain 3",1.10185185185185
"current_smoking","47","Chain 3",1.08024691358025
"current_smoking","48","Chain 3",1.09567901234568
"current_smoking","49","Chain 3",1.09259259259259
"current_smoking","50","Chain 3",1.11111111111111
"current_smoking","1","Chain 4",1.10493827160494
"current_smoking","2","Chain 4",1.1141975308642
"current_smoking","3","Chain 4",1.1141975308642
"current_smoking","4","Chain 4",1.09259259259259
"current_smoking","5","Chain 4",1.08333333333333
"current_smoking","6","Chain 4",1.10802469135802
"current_smoking","7","Chain 4",1.10802469135802
"current_smoking","8","Chain 4",1.09259259259259
"current_smoking","9","Chain 4",1.1141975308642
"current_smoking","10","Chain 4",1.09259259259259
"current_smoking","11","Chain 4",1.05555555555556
"current_smoking","12","Chain 4",1.10185185185185
"current_smoking","13","Chain 4",1.10493827160494
"current_smoking","14","Chain 4",1.08333333333333
"current_smoking","15","Chain 4",1.10802469135802
"current_smoking","16","Chain 4",1.09259259259259
"current_smoking","17","Chain 4",1.09876543209877
"current_smoking","18","Chain 4",1.08641975308642
"current_smoking","19","Chain 4",1.08641975308642
"current_smoking","20","Chain 4",1.07716049382716
"current_smoking","21","Chain 4",1.09259259259259
"current_smoking","22","Chain 4",1.08024691358025
"current_smoking","23","Chain 4",1.10493827160494
"current_smoking","24","Chain 4",1.09567901234568
"current_smoking","25","Chain 4",1.09259259259259
"current_smoking","26","Chain 4",1.09876543209877
"current_smoking","27","Chain 4",1.10493827160494
"current_smoking","28","Chain 4",1.07716049382716
"current_smoking","29","Chain 4",1.11728395061728
"current_smoking","30","Chain 4",1.1141975308642
"current_smoking","31","Chain 4",1.09567901234568
"current_smoking","32","Chain 4",1.09876543209877
"current_smoking","33","Chain 4",1.12962962962963
"current_smoking","34","Chain 4",1.10185185185185
"current_smoking","35","Chain 4",1.08333333333333
"current_smoking","36","Chain 4",1.10493827160494
"current_smoking","37","Chain 4",1.08024691358025
"current_smoking","38","Chain 4",1.12345679012346
"current_smoking","39","Chain 4",1.07716049382716
"current_smoking","40","Chain 4",1.08024691358025
"current_smoking","41","Chain 4",1.08024691358025
"current_smoking","42","Chain 4",1.10185185185185
"current_smoking","43","Chain 4",1.12345679012346
"current_smoking","44","Chain 4",1.12654320987654
"current_smoking","45","Chain 4",1.08950617283951
"current_smoking","46","Chain 4",1.0679012345679
"current_smoking","47","Chain 4",1.10185185185185
"current_smoking","48","Chain 4",1.09259259259259
"current_smoking","49","Chain 4",1.0679012345679
"current_smoking","50","Chain 4",1.08641975308642
"current_smoking","1","Chain 5",1.08024691358025
"current_smoking","2","Chain 5",1.09259259259259
"current_smoking","3","Chain 5",1.08024691358025
"current_smoking","4","Chain 5",1.08333333333333
"current_smoking","5","Chain 5",1.08950617283951
"current_smoking","6","Chain 5",1.09259259259259
"current_smoking","7","Chain 5",1.08950617283951
"current_smoking","8","Chain 5",1.08333333333333
"current_smoking","9","Chain 5",1.10802469135802
"current_smoking","10","Chain 5",1.08641975308642
"current_smoking","11","Chain 5",1.11728395061728
"current_smoking","12","Chain 5",1.08950617283951
"current_smoking","13","Chain 5",1.12345679012346
"current_smoking","14","Chain 5",1.07716049382716
"current_smoking","15","Chain 5",1.09259259259259
"current_smoking","16","Chain 5",1.1141975308642
"current_smoking","17","Chain 5",1.13888888888889
"current_smoking","18","Chain 5",1.08950617283951
"current_smoking","19","Chain 5",1.07716049382716
"current_smoking","20","Chain 5",1.1141975308642
"current_smoking","21","Chain 5",1.08641975308642
"current_smoking","22","Chain 5",1.11728395061728
"current_smoking","23","Chain 5",1.10185185185185
"current_smoking","24","Chain 5",1.09567901234568
"current_smoking","25","Chain 5",1.09567901234568
"current_smoking","26","Chain 5",1.08641975308642
"current_smoking","27","Chain 5",1.12962962962963
"current_smoking","28","Chain 5",1.07716049382716
"current_smoking","29","Chain 5",1.08333333333333
"current_smoking","30","Chain 5",1.08024691358025
"current_smoking","31","Chain 5",1.09567901234568
"current_smoking","32","Chain 5",1.10185185185185
"current_smoking","33","Chain 5",1.08950617283951
"current_smoking","34","Chain 5",1.12345679012346
"current_smoking","35","Chain 5",1.07098765432099
"current_smoking","36","Chain 5",1.11728395061728
"current_smoking","37","Chain 5",1.12345679012346
"current_smoking","38","Chain 5",1.09876543209877
"current_smoking","39","Chain 5",1.10493827160494
"current_smoking","40","Chain 5",1.10185185185185
"current_smoking","41","Chain 5",1.06481481481481
"current_smoking","42","Chain 5",1.08950617283951
"current_smoking","43","Chain 5",1.08024691358025
"current_smoking","44","Chain 5",1.08950617283951
"current_smoking","45","Chain 5",1.12654320987654
"current_smoking","46","Chain 5",1.10493827160494
"current_smoking","47","Chain 5",1.07407407407407
"current_smoking","48","Chain 5",1.11728395061728
"current_smoking","49","Chain 5",1.1141975308642
"current_smoking","50","Chain 5",1.08333333333333
"current_smoking","1","Chain 6",1.11111111111111
"current_smoking","2","Chain 6",1.1141975308642
"current_smoking","3","Chain 6",1.09259259259259
"current_smoking","4","Chain 6",1.07407407407407
"current_smoking","5","Chain 6",1.08950617283951
"current_smoking","6","Chain 6",1.10493827160494
"current_smoking","7","Chain 6",1.10185185185185
"current_smoking","8","Chain 6",1.12345679012346
"current_smoking","9","Chain 6",1.09567901234568
"current_smoking","10","Chain 6",1.10185185185185
"current_smoking","11","Chain 6",1.07716049382716
"current_smoking","12","Chain 6",1.1141975308642
"current_smoking","13","Chain 6",1.1141975308642
"current_smoking","14","Chain 6",1.12345679012346
"current_smoking","15","Chain 6",1.12037037037037
"current_smoking","16","Chain 6",1.09876543209877
"current_smoking","17","Chain 6",1.08641975308642
"current_smoking","18","Chain 6",1.09259259259259
"current_smoking","19","Chain 6",1.09567901234568
"current_smoking","20","Chain 6",1.08950617283951
"current_smoking","21","Chain 6",1.09567901234568
"current_smoking","22","Chain 6",1.08950617283951
"current_smoking","23","Chain 6",1.09876543209877
"current_smoking","24","Chain 6",1.12345679012346
"current_smoking","25","Chain 6",1.10493827160494
"current_smoking","26","Chain 6",1.10802469135802
"current_smoking","27","Chain 6",1.08024691358025
"current_smoking","28","Chain 6",1.10802469135802
"current_smoking","29","Chain 6",1.10802469135802
"current_smoking","30","Chain 6",1.08333333333333
"current_smoking","31","Chain 6",1.12345679012346
"current_smoking","32","Chain 6",1.07098765432099
"current_smoking","33","Chain 6",1.08641975308642
"current_smoking","34","Chain 6",1.09876543209877
"current_smoking","35","Chain 6",1.1141975308642
"current_smoking","36","Chain 6",1.10493827160494
"current_smoking","37","Chain 6",1.07098765432099
"current_smoking","38","Chain 6",1.09259259259259
"current_smoking","39","Chain 6",1.12962962962963
"current_smoking","40","Chain 6",1.09567901234568
"current_smoking","41","Chain 6",1.08950617283951
"current_smoking","42","Chain 6",1.08024691358025
"current_smoking","43","Chain 6",1.07407407407407
"current_smoking","44","Chain 6",1.09259259259259
"current_smoking","45","Chain 6",1.12654320987654
"current_smoking","46","Chain 6",1.09259259259259
"current_smoking","47","Chain 6",1.07716049382716
"current_smoking","48","Chain 6",1.08641975308642
"current_smoking","49","Chain 6",1.09259259259259
"current_smoking","50","Chain 6",1.08024691358025
"current_smoking","1","Chain 7",1.08950617283951
"current_smoking","2","Chain 7",1.10185185185185
"current_smoking","3","Chain 7",1.11111111111111
"current_smoking","4","Chain 7",1.09259259259259
"current_smoking","5","Chain 7",1.10802469135802
"current_smoking","6","Chain 7",1.10493827160494
"current_smoking","7","Chain 7",1.09876543209877
"current_smoking","8","Chain 7",1.08333333333333
"current_smoking","9","Chain 7",1.08024691358025
"current_smoking","10","Chain 7",1.10802469135802
"current_smoking","11","Chain 7",1.09567901234568
"current_smoking","12","Chain 7",1.08641975308642
"current_smoking","13","Chain 7",1.08333333333333
"current_smoking","14","Chain 7",1.08024691358025
"current_smoking","15","Chain 7",1.12345679012346
"current_smoking","16","Chain 7",1.10493827160494
"current_smoking","17","Chain 7",1.09876543209877
"current_smoking","18","Chain 7",1.08024691358025
"current_smoking","19","Chain 7",1.08950617283951
"current_smoking","20","Chain 7",1.12654320987654
"current_smoking","21","Chain 7",1.1141975308642
"current_smoking","22","Chain 7",1.08024691358025
"current_smoking","23","Chain 7",1.07716049382716
"current_smoking","24","Chain 7",1.09259259259259
"current_smoking","25","Chain 7",1.1358024691358
"current_smoking","26","Chain 7",1.11111111111111
"current_smoking","27","Chain 7",1.13271604938272
"current_smoking","28","Chain 7",1.07716049382716
"current_smoking","29","Chain 7",1.12037037037037
"current_smoking","30","Chain 7",1.09876543209877
"current_smoking","31","Chain 7",1.08641975308642
"current_smoking","32","Chain 7",1.08333333333333
"current_smoking","33","Chain 7",1.09876543209877
"current_smoking","34","Chain 7",1.10185185185185
"current_smoking","35","Chain 7",1.10185185185185
"current_smoking","36","Chain 7",1.10185185185185
"current_smoking","37","Chain 7",1.12345679012346
"current_smoking","38","Chain 7",1.11111111111111
"current_smoking","39","Chain 7",1.11111111111111
"current_smoking","40","Chain 7",1.1141975308642
"current_smoking","41","Chain 7",1.10802469135802
"current_smoking","42","Chain 7",1.12962962962963
"current_smoking","43","Chain 7",1.09876543209877
"current_smoking","44","Chain 7",1.1141975308642
"current_smoking","45","Chain 7",1.09567901234568
"current_smoking","46","Chain 7",1.11111111111111
"current_smoking","47","Chain 7",1.11728395061728
"current_smoking","48","Chain 7",1.07716049382716
"current_smoking","49","Chain 7",1.12037037037037
"current_smoking","50","Chain 7",1.08024691358025
"current_smoking","1","Chain 8",1.10185185185185
"current_smoking","2","Chain 8",1.12654320987654
"current_smoking","3","Chain 8",1.10493827160494
"current_smoking","4","Chain 8",1.1141975308642
"current_smoking","5","Chain 8",1.09259259259259
"current_smoking","6","Chain 8",1.08641975308642
"current_smoking","7","Chain 8",1.08641975308642
"current_smoking","8","Chain 8",1.09567901234568
"current_smoking","9","Chain 8",1.08950617283951
"current_smoking","10","Chain 8",1.08641975308642
"current_smoking","11","Chain 8",1.1141975308642
"current_smoking","12","Chain 8",1.09259259259259
"current_smoking","13","Chain 8",1.09259259259259
"current_smoking","14","Chain 8",1.12345679012346
"current_smoking","15","Chain 8",1.09876543209877
"current_smoking","16","Chain 8",1.08950617283951
"current_smoking","17","Chain 8",1.11728395061728
"current_smoking","18","Chain 8",1.10185185185185
"current_smoking","19","Chain 8",1.10185185185185
"current_smoking","20","Chain 8",1.12654320987654
"current_smoking","21","Chain 8",1.08024691358025
"current_smoking","22","Chain 8",1.11111111111111
"current_smoking","23","Chain 8",1.1141975308642
"current_smoking","24","Chain 8",1.10185185185185
"current_smoking","25","Chain 8",1.11111111111111
"current_smoking","26","Chain 8",1.0679012345679
"current_smoking","27","Chain 8",1.07407407407407
"current_smoking","28","Chain 8",1.12037037037037
"current_smoking","29","Chain 8",1.09876543209877
"current_smoking","30","Chain 8",1.08950617283951
"current_smoking","31","Chain 8",1.10802469135802
"current_smoking","32","Chain 8",1.09876543209877
"current_smoking","33","Chain 8",1.09876543209877
"current_smoking","34","Chain 8",1.09876543209877
"current_smoking","35","Chain 8",1.08641975308642
"current_smoking","36","Chain 8",1.11111111111111
"current_smoking","37","Chain 8",1.08024691358025
"current_smoking","38","Chain 8",1.08024691358025
"current_smoking","39","Chain 8",1.09876543209877
"current_smoking","40","Chain 8",1.10493827160494
"current_smoking","41","Chain 8",1.08641975308642
"current_smoking","42","Chain 8",1.1141975308642
"current_smoking","43","Chain 8",1.1141975308642
"current_smoking","44","Chain 8",1.10802469135802
"current_smoking","45","Chain 8",1.09876543209877
"current_smoking","46","Chain 8",1.09876543209877
"current_smoking","47","Chain 8",1.08641975308642
"current_smoking","48","Chain 8",1.06481481481481
"current_smoking","49","Chain 8",1.13271604938272
"current_smoking","50","Chain 8",1.09876543209877
"current_smoking","1","Chain 9",1.08950617283951
"current_smoking","2","Chain 9",1.07098765432099
"current_smoking","3","Chain 9",1.11111111111111
"current_smoking","4","Chain 9",1.09259259259259
"current_smoking","5","Chain 9",1.07716049382716
"current_smoking","6","Chain 9",1.11111111111111
"current_smoking","7","Chain 9",1.10185185185185
"current_smoking","8","Chain 9",1.07716049382716
"current_smoking","9","Chain 9",1.09259259259259
"current_smoking","10","Chain 9",1.10802469135802
"current_smoking","11","Chain 9",1.07098765432099
"current_smoking","12","Chain 9",1.10802469135802
"current_smoking","13","Chain 9",1.09876543209877
"current_smoking","14","Chain 9",1.09567901234568
"current_smoking","15","Chain 9",1.11111111111111
"current_smoking","16","Chain 9",1.11111111111111
"current_smoking","17","Chain 9",1.09259259259259
"current_smoking","18","Chain 9",1.11728395061728
"current_smoking","19","Chain 9",1.08641975308642
"current_smoking","20","Chain 9",1.09259259259259
"current_smoking","21","Chain 9",1.11728395061728
"current_smoking","22","Chain 9",1.10493827160494
"current_smoking","23","Chain 9",1.10802469135802
"current_smoking","24","Chain 9",1.12345679012346
"current_smoking","25","Chain 9",1.12654320987654
"current_smoking","26","Chain 9",1.11111111111111
"current_smoking","27","Chain 9",1.08024691358025
"current_smoking","28","Chain 9",1.07098765432099
"current_smoking","29","Chain 9",1.11111111111111
"current_smoking","30","Chain 9",1.09876543209877
"current_smoking","31","Chain 9",1.10185185185185
"current_smoking","32","Chain 9",1.08641975308642
"current_smoking","33","Chain 9",1.10493827160494
"current_smoking","34","Chain 9",1.10802469135802
"current_smoking","35","Chain 9",1.11111111111111
"current_smoking","36","Chain 9",1.12037037037037
"current_smoking","37","Chain 9",1.09567901234568
"current_smoking","38","Chain 9",1.11728395061728
"current_smoking","39","Chain 9",1.09567901234568
"current_smoking","40","Chain 9",1.12345679012346
"current_smoking","41","Chain 9",1.12654320987654
"current_smoking","42","Chain 9",1.08641975308642
"current_smoking","43","Chain 9",1.09876543209877
"current_smoking","44","Chain 9",1.10493827160494
"current_smoking","45","Chain 9",1.09259259259259
"current_smoking","46","Chain 9",1.09567901234568
"current_smoking","47","Chain 9",1.08950617283951
"current_smoking","48","Chain 9",1.10493827160494
"current_smoking","49","Chain 9",1.12037037037037
"current_smoking","50","Chain 9",1.08333333333333
"current_smoking","1","Chain 10",1.06172839506173
"current_smoking","2","Chain 10",1.0679012345679
"current_smoking","3","Chain 10",1.11111111111111
"current_smoking","4","Chain 10",1.14197530864198
"current_smoking","5","Chain 10",1.09876543209877
"current_smoking","6","Chain 10",1.10802469135802
"current_smoking","7","Chain 10",1.08024691358025
"current_smoking","8","Chain 10",1.09876543209877
"current_smoking","9","Chain 10",1.11728395061728
"current_smoking","10","Chain 10",1.09876543209877
"current_smoking","11","Chain 10",1.10802469135802
"current_smoking","12","Chain 10",1.11111111111111
"current_smoking","13","Chain 10",1.11111111111111
"current_smoking","14","Chain 10",1.08641975308642
"current_smoking","15","Chain 10",1.12037037037037
"current_smoking","16","Chain 10",1.08024691358025
"current_smoking","17","Chain 10",1.08024691358025
"current_smoking","18","Chain 10",1.09876543209877
"current_smoking","19","Chain 10",1.08641975308642
"current_smoking","20","Chain 10",1.09876543209877
"current_smoking","21","Chain 10",1.09567901234568
"current_smoking","22","Chain 10",1.10493827160494
"current_smoking","23","Chain 10",1.09567901234568
"current_smoking","24","Chain 10",1.10802469135802
"current_smoking","25","Chain 10",1.11111111111111
"current_smoking","26","Chain 10",1.08641975308642
"current_smoking","27","Chain 10",1.10493827160494
"current_smoking","28","Chain 10",1.1141975308642
"current_smoking","29","Chain 10",1.07716049382716
"current_smoking","30","Chain 10",1.07716049382716
"current_smoking","31","Chain 10",1.10185185185185
"current_smoking","32","Chain 10",1.13271604938272
"current_smoking","33","Chain 10",1.10185185185185
"current_smoking","34","Chain 10",1.08024691358025
"current_smoking","35","Chain 10",1.08333333333333
"current_smoking","36","Chain 10",1.10185185185185
"current_smoking","37","Chain 10",1.09876543209877
"current_smoking","38","Chain 10",1.09567901234568
"current_smoking","39","Chain 10",1.08641975308642
"current_smoking","40","Chain 10",1.07716049382716
"current_smoking","41","Chain 10",1.09567901234568
"current_smoking","42","Chain 10",1.11111111111111
"current_smoking","43","Chain 10",1.11111111111111
"current_smoking","44","Chain 10",1.12037037037037
"current_smoking","45","Chain 10",1.08333333333333
"current_smoking","46","Chain 10",1.09876543209877
"current_smoking","47","Chain 10",1.08641975308642
"current_smoking","48","Chain 10",1.11728395061728
"current_smoking","49","Chain 10",1.10802469135802
"current_smoking","50","Chain 10",1.06481481481481
"current_smoking","1","Chain 11",1.09876543209877
"current_smoking","2","Chain 11",1.1358024691358
"current_smoking","3","Chain 11",1.0679012345679
"current_smoking","4","Chain 11",1.09567901234568
"current_smoking","5","Chain 11",1.11728395061728
"current_smoking","6","Chain 11",1.11111111111111
"current_smoking","7","Chain 11",1.10185185185185
"current_smoking","8","Chain 11",1.09876543209877
"current_smoking","9","Chain 11",1.08024691358025
"current_smoking","10","Chain 11",1.11728395061728
"current_smoking","11","Chain 11",1.07407407407407
"current_smoking","12","Chain 11",1.10802469135802
"current_smoking","13","Chain 11",1.12654320987654
"current_smoking","14","Chain 11",1.12037037037037
"current_smoking","15","Chain 11",1.10802469135802
"current_smoking","16","Chain 11",1.10802469135802
"current_smoking","17","Chain 11",1.12345679012346
"current_smoking","18","Chain 11",1.08950617283951
"current_smoking","19","Chain 11",1.10802469135802
"current_smoking","20","Chain 11",1.10185185185185
"current_smoking","21","Chain 11",1.10493827160494
"current_smoking","22","Chain 11",1.10802469135802
"current_smoking","23","Chain 11",1.08641975308642
"current_smoking","24","Chain 11",1.10493827160494
"current_smoking","25","Chain 11",1.10493827160494
"current_smoking","26","Chain 11",1.10493827160494
"current_smoking","27","Chain 11",1.12037037037037
"current_smoking","28","Chain 11",1.11728395061728
"current_smoking","29","Chain 11",1.11111111111111
"current_smoking","30","Chain 11",1.08333333333333
"current_smoking","31","Chain 11",1.09876543209877
"current_smoking","32","Chain 11",1.10185185185185
"current_smoking","33","Chain 11",1.09259259259259
"current_smoking","34","Chain 11",1.07716049382716
"current_smoking","35","Chain 11",1.08641975308642
"current_smoking","36","Chain 11",1.07098765432099
"current_smoking","37","Chain 11",1.1358024691358
"current_smoking","38","Chain 11",1.09876543209877
"current_smoking","39","Chain 11",1.09876543209877
"current_smoking","40","Chain 11",1.09259259259259
"current_smoking","41","Chain 11",1.10493827160494
"current_smoking","42","Chain 11",1.09259259259259
"current_smoking","43","Chain 11",1.1141975308642
"current_smoking","44","Chain 11",1.08333333333333
"current_smoking","45","Chain 11",1.10802469135802
"current_smoking","46","Chain 11",1.10802469135802
"current_smoking","47","Chain 11",1.12037037037037
"current_smoking","48","Chain 11",1.08950617283951
"current_smoking","49","Chain 11",1.09259259259259
"current_smoking","50","Chain 11",1.07716049382716
"current_smoking","1","Chain 12",1.11111111111111
"current_smoking","2","Chain 12",1.10185185185185
"current_smoking","3","Chain 12",1.09567901234568
"current_smoking","4","Chain 12",1.12654320987654
"current_smoking","5","Chain 12",1.10185185185185
"current_smoking","6","Chain 12",1.08024691358025
"current_smoking","7","Chain 12",1.08641975308642
"current_smoking","8","Chain 12",1.10802469135802
"current_smoking","9","Chain 12",1.07407407407407
"current_smoking","10","Chain 12",1.11728395061728
"current_smoking","11","Chain 12",1.08024691358025
"current_smoking","12","Chain 12",1.10185185185185
"current_smoking","13","Chain 12",1.11728395061728
"current_smoking","14","Chain 12",1.09259259259259
"current_smoking","15","Chain 12",1.11728395061728
"current_smoking","16","Chain 12",1.08950617283951
"current_smoking","17","Chain 12",1.1358024691358
"current_smoking","18","Chain 12",1.13271604938272
"current_smoking","19","Chain 12",1.10802469135802
"current_smoking","20","Chain 12",1.08333333333333
"current_smoking","21","Chain 12",1.12654320987654
"current_smoking","22","Chain 12",1.09876543209877
"current_smoking","23","Chain 12",1.10802469135802
"current_smoking","24","Chain 12",1.10802469135802
"current_smoking","25","Chain 12",1.10493827160494
"current_smoking","26","Chain 12",1.10493827160494
"current_smoking","27","Chain 12",1.08641975308642
"current_smoking","28","Chain 12",1.10185185185185
"current_smoking","29","Chain 12",1.1141975308642
"current_smoking","30","Chain 12",1.10185185185185
"current_smoking","31","Chain 12",1.09259259259259
"current_smoking","32","Chain 12",1.10493827160494
"current_smoking","33","Chain 12",1.12962962962963
"current_smoking","34","Chain 12",1.10493827160494
"current_smoking","35","Chain 12",1.1141975308642
"current_smoking","36","Chain 12",1.08333333333333
"current_smoking","37","Chain 12",1.08950617283951
"current_smoking","38","Chain 12",1.09567901234568
"current_smoking","39","Chain 12",1.09259259259259
"current_smoking","40","Chain 12",1.08950617283951
"current_smoking","41","Chain 12",1.08950617283951
"current_smoking","42","Chain 12",1.09567901234568
"current_smoking","43","Chain 12",1.10185185185185
"current_smoking","44","Chain 12",1.08333333333333
"current_smoking","45","Chain 12",1.12037037037037
"current_smoking","46","Chain 12",1.09567901234568
"current_smoking","47","Chain 12",1.12962962962963
"current_smoking","48","Chain 12",1.11728395061728
"current_smoking","49","Chain 12",1.08333333333333
"current_smoking","50","Chain 12",1.08950617283951
"current_smoking","1","Chain 13",1.07098765432099
"current_smoking","2","Chain 13",1.07407407407407
"current_smoking","3","Chain 13",1.11728395061728
"current_smoking","4","Chain 13",1.10802469135802
"current_smoking","5","Chain 13",1.1358024691358
"current_smoking","6","Chain 13",1.12654320987654
"current_smoking","7","Chain 13",1.08024691358025
"current_smoking","8","Chain 13",1.08333333333333
"current_smoking","9","Chain 13",1.08950617283951
"current_smoking","10","Chain 13",1.10802469135802
"current_smoking","11","Chain 13",1.07716049382716
"current_smoking","12","Chain 13",1.10802469135802
"current_smoking","13","Chain 13",1.10185185185185
"current_smoking","14","Chain 13",1.1141975308642
"current_smoking","15","Chain 13",1.09567901234568
"current_smoking","16","Chain 13",1.10493827160494
"current_smoking","17","Chain 13",1.13271604938272
"current_smoking","18","Chain 13",1.10185185185185
"current_smoking","19","Chain 13",1.08950617283951
"current_smoking","20","Chain 13",1.08024691358025
"current_smoking","21","Chain 13",1.10802469135802
"current_smoking","22","Chain 13",1.08024691358025
"current_smoking","23","Chain 13",1.11111111111111
"current_smoking","24","Chain 13",1.08950617283951
"current_smoking","25","Chain 13",1.11728395061728
"current_smoking","26","Chain 13",1.10185185185185
"current_smoking","27","Chain 13",1.09567901234568
"current_smoking","28","Chain 13",1.12037037037037
"current_smoking","29","Chain 13",1.08024691358025
"current_smoking","30","Chain 13",1.09259259259259
"current_smoking","31","Chain 13",1.10802469135802
"current_smoking","32","Chain 13",1.10185185185185
"current_smoking","33","Chain 13",1.09876543209877
"current_smoking","34","Chain 13",1.09259259259259
"current_smoking","35","Chain 13",1.07098765432099
"current_smoking","36","Chain 13",1.12037037037037
"current_smoking","37","Chain 13",1.10802469135802
"current_smoking","38","Chain 13",1.12962962962963
"current_smoking","39","Chain 13",1.06481481481481
"current_smoking","40","Chain 13",1.08024691358025
"current_smoking","41","Chain 13",1.12654320987654
"current_smoking","42","Chain 13",1.08950617283951
"current_smoking","43","Chain 13",1.11111111111111
"current_smoking","44","Chain 13",1.11111111111111
"current_smoking","45","Chain 13",1.11111111111111
"current_smoking","46","Chain 13",1.10185185185185
"current_smoking","47","Chain 13",1.12037037037037
"current_smoking","48","Chain 13",1.10185185185185
"current_smoking","49","Chain 13",1.07716049382716
"current_smoking","50","Chain 13",1.08641975308642
"current_smoking","1","Chain 14",1.07716049382716
"current_smoking","2","Chain 14",1.10493827160494
"current_smoking","3","Chain 14",1.08024691358025
"current_smoking","4","Chain 14",1.10802469135802
"current_smoking","5","Chain 14",1.12037037037037
"current_smoking","6","Chain 14",1.08950617283951
"current_smoking","7","Chain 14",1.09876543209877
"current_smoking","8","Chain 14",1.09259259259259
"current_smoking","9","Chain 14",1.09567901234568
"current_smoking","10","Chain 14",1.09259259259259
"current_smoking","11","Chain 14",1.08950617283951
"current_smoking","12","Chain 14",1.09259259259259
"current_smoking","13","Chain 14",1.09876543209877
"current_smoking","14","Chain 14",1.11111111111111
"current_smoking","15","Chain 14",1.09876543209877
"current_smoking","16","Chain 14",1.10802469135802
"current_smoking","17","Chain 14",1.12037037037037
"current_smoking","18","Chain 14",1.10185185185185
"current_smoking","19","Chain 14",1.12345679012346
"current_smoking","20","Chain 14",1.09259259259259
"current_smoking","21","Chain 14",1.10493827160494
"current_smoking","22","Chain 14",1.11728395061728
"current_smoking","23","Chain 14",1.08024691358025
"current_smoking","24","Chain 14",1.08641975308642
"current_smoking","25","Chain 14",1.09259259259259
"current_smoking","26","Chain 14",1.09567901234568
"current_smoking","27","Chain 14",1.10493827160494
"current_smoking","28","Chain 14",1.09876543209877
"current_smoking","29","Chain 14",1.10185185185185
"current_smoking","30","Chain 14",1.10802469135802
"current_smoking","31","Chain 14",1.10493827160494
"current_smoking","32","Chain 14",1.09567901234568
"current_smoking","33","Chain 14",1.10185185185185
"current_smoking","34","Chain 14",1.10493827160494
"current_smoking","35","Chain 14",1.12345679012346
"current_smoking","36","Chain 14",1.09876543209877
"current_smoking","37","Chain 14",1.08333333333333
"current_smoking","38","Chain 14",1.10185185185185
"current_smoking","39","Chain 14",1.09259259259259
"current_smoking","40","Chain 14",1.10185185185185
"current_smoking","41","Chain 14",1.12037037037037
"current_smoking","42","Chain 14",1.11728395061728
"current_smoking","43","Chain 14",1.11111111111111
"current_smoking","44","Chain 14",1.10185185185185
"current_smoking","45","Chain 14",1.10802469135802
"current_smoking","46","Chain 14",1.12654320987654
"current_smoking","47","Chain 14",1.11111111111111
"current_smoking","48","Chain 14",1.12962962962963
"current_smoking","49","Chain 14",1.08641975308642
"current_smoking","50","Chain 14",1.12037037037037
"current_smoking","1","Chain 15",1.12037037037037
"current_smoking","2","Chain 15",1.09876543209877
"current_smoking","3","Chain 15",1.09259259259259
"current_smoking","4","Chain 15",1.08333333333333
"current_smoking","5","Chain 15",1.07098765432099
"current_smoking","6","Chain 15",1.06481481481481
"current_smoking","7","Chain 15",1.07716049382716
"current_smoking","8","Chain 15",1.09259259259259
"current_smoking","9","Chain 15",1.07407407407407
"current_smoking","10","Chain 15",1.08024691358025
"current_smoking","11","Chain 15",1.12037037037037
"current_smoking","12","Chain 15",1.07407407407407
"current_smoking","13","Chain 15",1.08641975308642
"current_smoking","14","Chain 15",1.09876543209877
"current_smoking","15","Chain 15",1.11111111111111
"current_smoking","16","Chain 15",1.09876543209877
"current_smoking","17","Chain 15",1.08641975308642
"current_smoking","18","Chain 15",1.09567901234568
"current_smoking","19","Chain 15",1.08641975308642
"current_smoking","20","Chain 15",1.10493827160494
"current_smoking","21","Chain 15",1.11728395061728
"current_smoking","22","Chain 15",1.09259259259259
"current_smoking","23","Chain 15",1.09876543209877
"current_smoking","24","Chain 15",1.10185185185185
"current_smoking","25","Chain 15",1.08333333333333
"current_smoking","26","Chain 15",1.09567901234568
"current_smoking","27","Chain 15",1.12654320987654
"current_smoking","28","Chain 15",1.1141975308642
"current_smoking","29","Chain 15",1.08641975308642
"current_smoking","30","Chain 15",1.09259259259259
"current_smoking","31","Chain 15",1.08950617283951
"current_smoking","32","Chain 15",1.12345679012346
"current_smoking","33","Chain 15",1.11111111111111
"current_smoking","34","Chain 15",1.06481481481481
"current_smoking","35","Chain 15",1.08024691358025
"current_smoking","36","Chain 15",1.09259259259259
"current_smoking","37","Chain 15",1.08333333333333
"current_smoking","38","Chain 15",1.09876543209877
"current_smoking","39","Chain 15",1.10802469135802
"current_smoking","40","Chain 15",1.12037037037037
"current_smoking","41","Chain 15",1.08024691358025
"current_smoking","42","Chain 15",1.09259259259259
"current_smoking","43","Chain 15",1.12345679012346
"current_smoking","44","Chain 15",1.09876543209877
"current_smoking","45","Chain 15",1.08641975308642
"current_smoking","46","Chain 15",1.09567901234568
"current_smoking","47","Chain 15",1.10185185185185
"current_smoking","48","Chain 15",1.1141975308642
"current_smoking","49","Chain 15",1.09259259259259
"current_smoking","50","Chain 15",1.09259259259259
"current_smoking","1","Chain 16",1.08333333333333
"current_smoking","2","Chain 16",1.1141975308642
"current_smoking","3","Chain 16",1.08641975308642
"current_smoking","4","Chain 16",1.10493827160494
"current_smoking","5","Chain 16",1.10802469135802
"current_smoking","6","Chain 16",1.08950617283951
"current_smoking","7","Chain 16",1.13271604938272
"current_smoking","8","Chain 16",1.10493827160494
"current_smoking","9","Chain 16",1.08333333333333
"current_smoking","10","Chain 16",1.10493827160494
"current_smoking","11","Chain 16",1.09259259259259
"current_smoking","12","Chain 16",1.08950617283951
"current_smoking","13","Chain 16",1.10493827160494
"current_smoking","14","Chain 16",1.10185185185185
"current_smoking","15","Chain 16",1.09259259259259
"current_smoking","16","Chain 16",1.08641975308642
"current_smoking","17","Chain 16",1.10185185185185
"current_smoking","18","Chain 16",1.11728395061728
"current_smoking","19","Chain 16",1.11111111111111
"current_smoking","20","Chain 16",1.10185185185185
"current_smoking","21","Chain 16",1.07098765432099
"current_smoking","22","Chain 16",1.08333333333333
"current_smoking","23","Chain 16",1.10185185185185
"current_smoking","24","Chain 16",1.12345679012346
"current_smoking","25","Chain 16",1.08024691358025
"current_smoking","26","Chain 16",1.09567901234568
"current_smoking","27","Chain 16",1.13888888888889
"current_smoking","28","Chain 16",1.08024691358025
"current_smoking","29","Chain 16",1.08024691358025
"current_smoking","30","Chain 16",1.10493827160494
"current_smoking","31","Chain 16",1.10802469135802
"current_smoking","32","Chain 16",1.11728395061728
"current_smoking","33","Chain 16",1.08950617283951
"current_smoking","34","Chain 16",1.08641975308642
"current_smoking","35","Chain 16",1.07716049382716
"current_smoking","36","Chain 16",1.11728395061728
"current_smoking","37","Chain 16",1.1141975308642
"current_smoking","38","Chain 16",1.07407407407407
"current_smoking","39","Chain 16",1.08950617283951
"current_smoking","40","Chain 16",1.08950617283951
"current_smoking","41","Chain 16",1.08950617283951
"current_smoking","42","Chain 16",1.11111111111111
"current_smoking","43","Chain 16",1.11111111111111
"current_smoking","44","Chain 16",1.08333333333333
"current_smoking","45","Chain 16",1.09259259259259
"current_smoking","46","Chain 16",1.10185185185185
"current_smoking","47","Chain 16",1.14506172839506
"current_smoking","48","Chain 16",1.11111111111111
"current_smoking","49","Chain 16",1.09567901234568
"current_smoking","50","Chain 16",1.07716049382716
"current_smoking","1","Chain 17",1.05864197530864
"current_smoking","2","Chain 17",1.06172839506173
"current_smoking","3","Chain 17",1.1141975308642
"current_smoking","4","Chain 17",1.09876543209877
"current_smoking","5","Chain 17",1.07716049382716
"current_smoking","6","Chain 17",1.10802469135802
"current_smoking","7","Chain 17",1.08333333333333
"current_smoking","8","Chain 17",1.10802469135802
"current_smoking","9","Chain 17",1.1141975308642
"current_smoking","10","Chain 17",1.1358024691358
"current_smoking","11","Chain 17",1.07407407407407
"current_smoking","12","Chain 17",1.11111111111111
"current_smoking","13","Chain 17",1.07098765432099
"current_smoking","14","Chain 17",1.08950617283951
"current_smoking","15","Chain 17",1.12037037037037
"current_smoking","16","Chain 17",1.1358024691358
"current_smoking","17","Chain 17",1.11728395061728
"current_smoking","18","Chain 17",1.08950617283951
"current_smoking","19","Chain 17",1.10802469135802
"current_smoking","20","Chain 17",1.14506172839506
"current_smoking","21","Chain 17",1.08024691358025
"current_smoking","22","Chain 17",1.09567901234568
"current_smoking","23","Chain 17",1.06481481481481
"current_smoking","24","Chain 17",1.10185185185185
"current_smoking","25","Chain 17",1.10185185185185
"current_smoking","26","Chain 17",1.12654320987654
"current_smoking","27","Chain 17",1.13271604938272
"current_smoking","28","Chain 17",1.08950617283951
"current_smoking","29","Chain 17",1.07716049382716
"current_smoking","30","Chain 17",1.09259259259259
"current_smoking","31","Chain 17",1.10185185185185
"current_smoking","32","Chain 17",1.07716049382716
"current_smoking","33","Chain 17",1.09567901234568
"current_smoking","34","Chain 17",1.1358024691358
"current_smoking","35","Chain 17",1.08950617283951
"current_smoking","36","Chain 17",1.10493827160494
"current_smoking","37","Chain 17",1.09567901234568
"current_smoking","38","Chain 17",1.09259259259259
"current_smoking","39","Chain 17",1.09567901234568
"current_smoking","40","Chain 17",1.08024691358025
"current_smoking","41","Chain 17",1.12037037037037
"current_smoking","42","Chain 17",1.11728395061728
"current_smoking","43","Chain 17",1.12962962962963
"current_smoking","44","Chain 17",1.09876543209877
"current_smoking","45","Chain 17",1.08024691358025
"current_smoking","46","Chain 17",1.12962962962963
"current_smoking","47","Chain 17",1.10802469135802
"current_smoking","48","Chain 17",1.09567901234568
"current_smoking","49","Chain 17",1.0679012345679
"current_smoking","50","Chain 17",1.1141975308642
"current_smoking","1","Chain 18",1.10802469135802
"current_smoking","2","Chain 18",1.09259259259259
"current_smoking","3","Chain 18",1.1141975308642
"current_smoking","4","Chain 18",1.12654320987654
"current_smoking","5","Chain 18",1.11111111111111
"current_smoking","6","Chain 18",1.09876543209877
"current_smoking","7","Chain 18",1.09876543209877
"current_smoking","8","Chain 18",1.08333333333333
"current_smoking","9","Chain 18",1.08024691358025
"current_smoking","10","Chain 18",1.11111111111111
"current_smoking","11","Chain 18",1.10185185185185
"current_smoking","12","Chain 18",1.09567901234568
"current_smoking","13","Chain 18",1.09876543209877
"current_smoking","14","Chain 18",1.12345679012346
"current_smoking","15","Chain 18",1.10185185185185
"current_smoking","16","Chain 18",1.11111111111111
"current_smoking","17","Chain 18",1.08641975308642
"current_smoking","18","Chain 18",1.10493827160494
"current_smoking","19","Chain 18",1.11111111111111
"current_smoking","20","Chain 18",1.12037037037037
"current_smoking","21","Chain 18",1.09567901234568
"current_smoking","22","Chain 18",1.09567901234568
"current_smoking","23","Chain 18",1.10802469135802
"current_smoking","24","Chain 18",1.10802469135802
"current_smoking","25","Chain 18",1.11728395061728
"current_smoking","26","Chain 18",1.08024691358025
"current_smoking","27","Chain 18",1.10802469135802
"current_smoking","28","Chain 18",1.08950617283951
"current_smoking","29","Chain 18",1.0679012345679
"current_smoking","30","Chain 18",1.07098765432099
"current_smoking","31","Chain 18",1.11728395061728
"current_smoking","32","Chain 18",1.09259259259259
"current_smoking","33","Chain 18",1.1358024691358
"current_smoking","34","Chain 18",1.11728395061728
"current_smoking","35","Chain 18",1.12037037037037
"current_smoking","36","Chain 18",1.12654320987654
"current_smoking","37","Chain 18",1.09876543209877
"current_smoking","38","Chain 18",1.10493827160494
"current_smoking","39","Chain 18",1.07407407407407
"current_smoking","40","Chain 18",1.09567901234568
"current_smoking","41","Chain 18",1.08024691358025
"current_smoking","42","Chain 18",1.1141975308642
"current_smoking","43","Chain 18",1.10185185185185
"current_smoking","44","Chain 18",1.09259259259259
"current_smoking","45","Chain 18",1.10493827160494
"current_smoking","46","Chain 18",1.08641975308642
"current_smoking","47","Chain 18",1.11111111111111
"current_smoking","48","Chain 18",1.09876543209877
"current_smoking","49","Chain 18",1.08333333333333
"current_smoking","50","Chain 18",1.10802469135802
"current_smoking","1","Chain 19",1.10802469135802
"current_smoking","2","Chain 19",1.09567901234568
"current_smoking","3","Chain 19",1.11111111111111
"current_smoking","4","Chain 19",1.08333333333333
"current_smoking","5","Chain 19",1.09567901234568
"current_smoking","6","Chain 19",1.08333333333333
"current_smoking","7","Chain 19",1.07716049382716
"current_smoking","8","Chain 19",1.1141975308642
"current_smoking","9","Chain 19",1.08950617283951
"current_smoking","10","Chain 19",1.07098765432099
"current_smoking","11","Chain 19",1.07716049382716
"current_smoking","12","Chain 19",1.09567901234568
"current_smoking","13","Chain 19",1.10185185185185
"current_smoking","14","Chain 19",1.12654320987654
"current_smoking","15","Chain 19",1.13271604938272
"current_smoking","16","Chain 19",1.12654320987654
"current_smoking","17","Chain 19",1.09876543209877
"current_smoking","18","Chain 19",1.08950617283951
"current_smoking","19","Chain 19",1.11728395061728
"current_smoking","20","Chain 19",1.1141975308642
"current_smoking","21","Chain 19",1.11728395061728
"current_smoking","22","Chain 19",1.1141975308642
"current_smoking","23","Chain 19",1.10802469135802
"current_smoking","24","Chain 19",1.07098765432099
"current_smoking","25","Chain 19",1.08024691358025
"current_smoking","26","Chain 19",1.10185185185185
"current_smoking","27","Chain 19",1.09876543209877
"current_smoking","28","Chain 19",1.10493827160494
"current_smoking","29","Chain 19",1.11111111111111
"current_smoking","30","Chain 19",1.09259259259259
"current_smoking","31","Chain 19",1.09259259259259
"current_smoking","32","Chain 19",1.09876543209877
"current_smoking","33","Chain 19",1.12654320987654
"current_smoking","34","Chain 19",1.08950617283951
"current_smoking","35","Chain 19",1.08950617283951
"current_smoking","36","Chain 19",1.10185185185185
"current_smoking","37","Chain 19",1.07098765432099
"current_smoking","38","Chain 19",1.09259259259259
"current_smoking","39","Chain 19",1.1141975308642
"current_smoking","40","Chain 19",1.10493827160494
"current_smoking","41","Chain 19",1.08641975308642
"current_smoking","42","Chain 19",1.08024691358025
"current_smoking","43","Chain 19",1.08950617283951
"current_smoking","44","Chain 19",1.09567901234568
"current_smoking","45","Chain 19",1.08641975308642
"current_smoking","46","Chain 19",1.07407407407407
"current_smoking","47","Chain 19",1.10493827160494
"current_smoking","48","Chain 19",1.0679012345679
"current_smoking","49","Chain 19",1.08024691358025
"current_smoking","50","Chain 19",1.09876543209877
"current_smoking","1","Chain 20",1.10493827160494
"current_smoking","2","Chain 20",1.09876543209877
"current_smoking","3","Chain 20",1.1141975308642
"current_smoking","4","Chain 20",1.09567901234568
"current_smoking","5","Chain 20",1.11111111111111
"current_smoking","6","Chain 20",1.08333333333333
"current_smoking","7","Chain 20",1.08641975308642
"current_smoking","8","Chain 20",1.09876543209877
"current_smoking","9","Chain 20",1.08641975308642
"current_smoking","10","Chain 20",1.12654320987654
"current_smoking","11","Chain 20",1.11111111111111
"current_smoking","12","Chain 20",1.08950617283951
"current_smoking","13","Chain 20",1.08950617283951
"current_smoking","14","Chain 20",1.09259259259259
"current_smoking","15","Chain 20",1.09259259259259
"current_smoking","16","Chain 20",1.08641975308642
"current_smoking","17","Chain 20",1.08950617283951
"current_smoking","18","Chain 20",1.10493827160494
"current_smoking","19","Chain 20",1.11728395061728
"current_smoking","20","Chain 20",1.08641975308642
"current_smoking","21","Chain 20",1.05864197530864
"current_smoking","22","Chain 20",1.10493827160494
"current_smoking","23","Chain 20",1.08950617283951
"current_smoking","24","Chain 20",1.08641975308642
"current_smoking","25","Chain 20",1.09567901234568
"current_smoking","26","Chain 20",1.08333333333333
"current_smoking","27","Chain 20",1.08024691358025
"current_smoking","28","Chain 20",1.09876543209877
"current_smoking","29","Chain 20",1.1141975308642
"current_smoking","30","Chain 20",1.06172839506173
"current_smoking","31","Chain 20",1.09259259259259
"current_smoking","32","Chain 20",1.10493827160494
"current_smoking","33","Chain 20",1.09259259259259
"current_smoking","34","Chain 20",1.10185185185185
"current_smoking","35","Chain 20",1.09876543209877
"current_smoking","36","Chain 20",1.07098765432099
"current_smoking","37","Chain 20",1.1141975308642
"current_smoking","38","Chain 20",1.09567901234568
"current_smoking","39","Chain 20",1.09259259259259
"current_smoking","40","Chain 20",1.09567901234568
"current_smoking","41","Chain 20",1.13271604938272
"current_smoking","42","Chain 20",1.10493827160494
"current_smoking","43","Chain 20",1.09876543209877
"current_smoking","44","Chain 20",1.08333333333333
"current_smoking","45","Chain 20",1.09876543209877
"current_smoking","46","Chain 20",1.09567901234568
"current_smoking","47","Chain 20",1.09567901234568
"current_smoking","48","Chain 20",1.1141975308642
"current_smoking","49","Chain 20",1.09876543209877
"current_smoking","50","Chain 20",1.10185185185185
