estimand,cohort,contrast,n_intervals,n_persons,events,rr,conf_low,conf_high,p_value,analysis_method,tau2,i2,q_p_value,prediction_low_rr,prediction_high_rr,rr_ci,p_value_formatted
onset,HRS,cancer_and_pain_vs_neither,58443,19031,4881,1.47444542827031,1.28342821260815,1.69389241999697,4.13629592771803e-08,multiple_imputation_m20,,,,,,1.47 (1.28-1.69),<0.001
onset,HRS,cancer_and_pain_vs_cancer_only,58443,19031,4881,1.35348786682562,1.1430524633302,1.60266432592863,0.000446885851619109,multiple_imputation_m20,,,,,,1.35 (1.14-1.60),<0.001
onset,HRS,pain_only_vs_neither,58443,19031,4881,1.48249687067842,1.35641773611639,1.62029507064978,3.87663256102674e-18,multiple_imputation_m20,,,,,,1.48 (1.36-1.62),<0.001
onset,HRS,cancer_only_vs_neither,58443,19031,4881,1.08936730384468,0.947367545374394,1.25265123180553,0.229669966035267,multiple_imputation_m20,,,,,,1.09 (0.95-1.25),0.230
onset,SHARE,cancer_and_pain_vs_neither,62160,50982,10269,1.33761538299593,1.17590349888235,1.52156611025303,9.65732720697632e-06,complete_case_max_covariate_missingness_below_1pct,,,,,,1.34 (1.18-1.52),<0.001
onset,SHARE,cancer_and_pain_vs_cancer_only,62160,50982,10269,1.14946514954977,0.959541040471602,1.37698136327768,0.130598621801036,complete_case_max_covariate_missingness_below_1pct,,,,,,1.15 (0.96-1.38),0.131
onset,SHARE,pain_only_vs_neither,62160,50982,10269,1.27156874976602,1.16730661637696,1.38514342564076,3.71168805279655e-08,complete_case_max_covariate_missingness_below_1pct,,,,,,1.27 (1.17-1.39),<0.001
onset,SHARE,cancer_only_vs_neither,62160,50982,10269,1.16368502648371,0.996637454365272,1.35873163800052,0.0551919363129345,complete_case_max_covariate_missingness_below_1pct,,,,,,1.16 (1.00-1.36),0.055
onset,CHARLS,cancer_and_pain_vs_neither,21153,11489,4763,1.61628728257239,1.20908422987516,2.16063076108021,0.00118723429129276,multiple_imputation_m20,,,,,,1.62 (1.21-2.16),0.001
onset,CHARLS,cancer_and_pain_vs_cancer_only,21153,11489,4763,2.54372979979689,1.5807389894593,4.09337742506626,0.000119870090281158,multiple_imputation_m20,,,,,,2.54 (1.58-4.09),<0.001
onset,CHARLS,pain_only_vs_neither,21153,11489,4763,1.36579177663161,1.2762530838265,1.46161227796738,2.04996002315737e-19,multiple_imputation_m20,,,,,,1.37 (1.28-1.46),<0.001
onset,CHARLS,cancer_only_vs_neither,21153,11489,4763,0.63540053770705,0.411256980776037,0.981706967153646,0.0410383535777982,multiple_imputation_m20,,,,,,0.64 (0.41-0.98),0.041
onset,Random-effects meta-analysis,cancer_and_pain_vs_neither,141756,,19913,1.41903425787224,1.17221860152416,1.71781800970978,0.0157229804580182,random_effects_REML_Hartung_Knapp,6.98126207960848e-05,0.955061478371011,0.392002529344159,,,1.42 (1.17-1.72),0.016
onset,Random-effects meta-analysis,cancer_and_pain_vs_cancer_only,141756,,19913,1.5034367609865,0.566386819893459,3.9907745288119,0.214144362819561,random_effects_REML_Hartung_Knapp,0.116174447366962,89.6730220771519,0.00810482916359549,,,1.50 (0.57-3.99),0.214
onset,Random-effects meta-analysis,pain_only_vs_neither,141756,,19913,1.36944226707925,1.13729101539615,1.64898174475591,0.0183381330819426,random_effects_REML_Hartung_Knapp,0.00362380608736928,68.3413108925527,0.0510968746135556,,,1.37 (1.14-1.65),0.018
onset,Random-effects meta-analysis,cancer_only_vs_neither,141756,,19913,0.989522393675199,0.475863878550634,2.05763583184116,0.956269133441255,random_effects_REML_Hartung_Knapp,0.054951819080758,84.951098434412,0.036969346439948,,,0.99 (0.48-2.06),0.956
persistence,HRS,cancer_and_pain_vs_neither,10087,5679,5481,1.24621345479603,1.13144977802199,1.37261768492253,7.9899235497817e-06,multiple_imputation_m20,,,,,,1.25 (1.13-1.37),<0.001
persistence,HRS,cancer_and_pain_vs_cancer_only,10087,5679,5481,1.08669652860062,0.931424945557732,1.26785239208461,0.290554054848869,multiple_imputation_m20,,,,,,1.09 (0.93-1.27),0.291
persistence,HRS,pain_only_vs_neither,10087,5679,5481,1.24036383760786,1.15602414707307,1.33085667244981,2.02969030253282e-09,multiple_imputation_m20,,,,,,1.24 (1.16-1.33),<0.001
persistence,HRS,cancer_only_vs_neither,10087,5679,5481,1.14679068350464,0.993612690209375,1.32358300646897,0.061155674131744,multiple_imputation_m20,,,,,,1.15 (0.99-1.32),0.061
persistence,SHARE,cancer_and_pain_vs_neither,21866,19841,12314,1.23006240028004,1.13341236932042,1.33495411691148,7.07022694573788e-07,multiple_imputation_m20,,,,,,1.23 (1.13-1.33),<0.001
persistence,SHARE,cancer_and_pain_vs_cancer_only,21866,19841,12314,1.13081262676736,0.997760128099271,1.28160783423215,0.0542475891759214,multiple_imputation_m20,,,,,,1.13 (1.00-1.28),0.054
persistence,SHARE,pain_only_vs_neither,21866,19841,12314,1.18915337355221,1.11658986531718,1.26643254587389,6.93431716615522e-08,multiple_imputation_m20,,,,,,1.19 (1.12-1.27),<0.001
persistence,SHARE,cancer_only_vs_neither,21866,19841,12314,1.08776854021908,0.96287413021744,1.22886300499438,0.176382190125962,multiple_imputation_m20,,,,,,1.09 (0.96-1.23),0.176
persistence,CHARLS,cancer_and_pain_vs_neither,11277,7168,6753,1.06261256803815,0.89783917345783,1.25762553376233,0.479921206605957,multiple_imputation_m20,,,,,,1.06 (0.90-1.26),0.480
persistence,CHARLS,cancer_and_pain_vs_cancer_only,11277,7168,6753,1.49058364606229,1.01148401390746,2.19661366404118,0.0436244232044509,multiple_imputation_m20,,,,,,1.49 (1.01-2.20),0.044
persistence,CHARLS,pain_only_vs_neither,11277,7168,6753,1.13797962386169,1.09621450257805,1.18133597145343,1.24283842588154e-11,multiple_imputation_m20,,,,,,1.14 (1.10-1.18),<0.001
persistence,CHARLS,cancer_only_vs_neither,11277,7168,6753,0.712883554603113,0.497622607436297,1.02126180529012,0.065000614214807,multiple_imputation_m20,,,,,,0.71 (0.50-1.02),0.065
persistence,Random-effects meta-analysis,cancer_and_pain_vs_neither,43230,,24548,1.21430281389132,1.0434396104179,1.41314486157358,0.0314044914177374,random_effects_REML_Hartung_Knapp,2.90014115616944e-06,0.0955188394591095,0.2488728566277,1.04325502301716,1.41339489510431,1.21 (1.04-1.41),0.031
persistence,Random-effects meta-analysis,cancer_and_pain_vs_cancer_only,43230,,24548,1.13246063645934,0.911272003496645,1.40733731334764,0.132790720215364,random_effects_REML_Hartung_Knapp,2.36806999814687e-06,0.0273861352740019,0.332112515768679,0.91118010901264,1.40747924635842,1.13 (0.91-1.41),0.133
persistence,Random-effects meta-analysis,pain_only_vs_neither,43230,,24548,1.1800918404781,1.05958896319114,1.31429903513612,0.0220995745153265,random_effects_REML_Hartung_Knapp,0.00116523955243465,58.9786843883289,0.0836792204659611,0.983592222879695,1.41584766488473,1.18 (1.06-1.31),0.022
persistence,Random-effects meta-analysis,cancer_only_vs_neither,43230,,24548,1.01490949063385,0.578345681903624,1.78101316636148,0.920191926988877,random_effects_REML_Hartung_Knapp,0.0293432935364773,79.1664844931233,0.0546203701581329,0.401602004404819,2.56483100901152,1.01 (0.58-1.78),0.920
