"log_rr","se","rr","conf_low","conf_high","df","dfcom","m","contrast","rule","original_conf_low","original_conf_high"
0.127872354387673,0.0668642395705058,1.13640793595185,0.996465223720246,1.29600408137967,439.497688766022,442,20,"cancer_and_pain_vs_neither","design_df",0.996825890257909,1.29553516769134
0.127872354387673,0.0668642395705058,1.13640793595185,0.996448904636446,1.29602530635078,420.521109530152,423,20,"cancer_and_pain_vs_neither","residual_df",0.996825890257909,1.29553516769134
0.348319430049108,0.170180452548007,1.41668470913782,1.01394805623176,1.97938696442076,439.915837521028,442,20,"cancer_and_pain_vs_cancer_only","design_df",1.01488151444877,1.97756638241166
0.348319430049108,0.170180452548007,1.41668470913782,1.01390583246862,1.97946939531688,420.920675648287,423,20,"cancer_and_pain_vs_cancer_only","residual_df",1.01488151444877,1.97756638241166
0.114797549071985,0.0182922502202312,1.1216463362426,1.08203764170717,1.16270493290928,437.624523409492,442,20,"pain_only_vs_neither","design_df",1.08214517363578,1.16258939581972
0.114797549071985,0.0182922502202312,1.1216463362426,1.08203277548916,1.16271016193358,418.738206982111,423,20,"pain_only_vs_neither","residual_df",1.08214517363578,1.16258939581972
-0.220447075661435,0.160489163637165,0.802160091530498,0.585161184384907,1.09963003291237,439.869289527719,442,20,"cancer_only_vs_neither","design_df",0.585669255930539,1.09867609735098
-0.220447075661435,0.160489163637165,0.802160091530498,0.585138201796994,1.09967322329684,420.876161552099,423,20,"cancer_only_vs_neither","residual_df",0.585669255930539,1.09867609735098
0.33524462473342,0.159502710017208,1.39828239784721,1.02200107926249,1.91310332621201,439.889733943638,442,20,"pain_only_vs_cancer_only","design_df",1.02288294392639,1.91145397011335
0.33524462473342,0.159502710017208,1.39828239784721,1.02196118805692,1.91317800223587,420.895711541571,423,20,"pain_only_vs_cancer_only","residual_df",1.02288294392639,1.91145397011335
