"contrast","log_rr","variance","imputation"
"cancer_and_pain_vs_neither",0.254157765771972,0.00159549448245116,1
"cancer_and_pain_vs_cancer_only",0.0354632725656065,0.00288398478150876,1
"pain_only_vs_neither",0.201648537371841,0.00104745610221348,1
"cancer_only_vs_neither",0.218694493206365,0.00262450320403501,1
"pain_only_vs_cancer_only",-0.0170459558345245,0.00236982320773744,1
"cancer_and_pain_vs_neither",0.25396238276591,0.00159536359752093,2
"cancer_and_pain_vs_cancer_only",0.0351915905621231,0.00288532167208427,2
"pain_only_vs_neither",0.201785473906452,0.00105214682357056,2
"cancer_only_vs_neither",0.218770792203787,0.00262519850473372,2
"pain_only_vs_cancer_only",-0.0169853182973354,0.00236737832439,2
"cancer_and_pain_vs_neither",0.254031032686318,0.00159564414225152,3
"cancer_and_pain_vs_cancer_only",0.0353031079857658,0.002882725639417,3
"pain_only_vs_neither",0.201799874891269,0.00105195879590456,3
"cancer_only_vs_neither",0.218727924700553,0.00262564066086832,3
"pain_only_vs_cancer_only",-0.0169280498092832,0.00236789068760841,3
"cancer_and_pain_vs_neither",0.254150636168832,0.00159548680297653,4
"cancer_and_pain_vs_cancer_only",0.035412436302386,0.00288519493699296,4
"pain_only_vs_neither",0.201555973103733,0.00104764444087111,4
"cancer_only_vs_neither",0.218738199866446,0.00262450151648357,4
"pain_only_vs_cancer_only",-0.0171822267627127,0.00237042981933169,4
"cancer_and_pain_vs_neither",0.254108788678103,0.00159608654318099,5
"cancer_and_pain_vs_cancer_only",0.035296659509557,0.00288518930505873,5
"pain_only_vs_neither",0.201737875896824,0.00105071071560712,5
"cancer_only_vs_neither",0.218812129168546,0.00262576796875699,5
"pain_only_vs_cancer_only",-0.0170742532717225,0.00236769322113278,5
"cancer_and_pain_vs_neither",0.25417218886072,0.00159550159899748,6
"cancer_and_pain_vs_cancer_only",0.0353644841739863,0.00288483673693175,6
"pain_only_vs_neither",0.201712547549872,0.00105153867759855,6
"cancer_only_vs_neither",0.218807704686734,0.0026254251573806,6
"pain_only_vs_cancer_only",-0.0170951571368619,0.00236717206475688,6
"cancer_and_pain_vs_neither",0.254158043066245,0.00159556953027232,7
"cancer_and_pain_vs_cancer_only",0.035408356330493,0.00288518245123256,7
"pain_only_vs_neither",0.201460122889302,0.00104721165250603,7
"cancer_only_vs_neither",0.218749686735752,0.00262445613478844,7
"pain_only_vs_cancer_only",-0.0172895638464495,0.00236848412538905,7
"cancer_and_pain_vs_neither",0.254130548770437,0.00159659908157391,8
"cancer_and_pain_vs_cancer_only",0.0353349163561465,0.00288581861936139,8
"pain_only_vs_neither",0.201592014267769,0.00105058671655413,8
"cancer_only_vs_neither",0.218795632414291,0.00262542809770534,8
"pain_only_vs_cancer_only",-0.0172036181465211,0.0023668043421868,8
"cancer_and_pain_vs_neither",0.254178318519925,0.00159545737811031,9
"cancer_and_pain_vs_cancer_only",0.0355634875562173,0.00288678052489695,9
"pain_only_vs_neither",0.201677599560567,0.00105183694164331,9
"cancer_only_vs_neither",0.218614830963707,0.00262861858116839,9
"pain_only_vs_cancer_only",-0.0169372314031402,0.00237107773381379,9
"cancer_and_pain_vs_neither",0.254091134485436,0.00159656263149835,10
"cancer_and_pain_vs_cancer_only",0.0354038816255431,0.00288408007965433,10
"pain_only_vs_neither",0.201637153411151,0.0010512056938692,10
"cancer_only_vs_neither",0.218687252859893,0.00262633042302303,10
"pain_only_vs_cancer_only",-0.0170500994487421,0.00236757259458741,10
"cancer_and_pain_vs_neither",0.254206005656747,0.00159506773391932,11
"cancer_and_pain_vs_cancer_only",0.0353777480282992,0.00288518777612366,11
"pain_only_vs_neither",0.201737121565354,0.00105155572127992,11
"cancer_only_vs_neither",0.218828257628448,0.00262509283392012,11
"pain_only_vs_cancer_only",-0.017091136063094,0.00236695806826944,11
"cancer_and_pain_vs_neither",0.25404158288395,0.00159649305796597,12
"cancer_and_pain_vs_cancer_only",0.0353079890034554,0.0028854260758943,12
"pain_only_vs_neither",0.201570097103808,0.00105078704916799,12
"cancer_only_vs_neither",0.218733593880494,0.0026263433423462,12
"pain_only_vs_cancer_only",-0.0171634967766862,0.00236775455900714,12
"cancer_and_pain_vs_neither",0.254062226785729,0.00159666220611193,13
"cancer_and_pain_vs_cancer_only",0.0353036527843343,0.00288610800187763,13
"pain_only_vs_neither",0.201502878810016,0.00104643572153169,13
"cancer_only_vs_neither",0.218758574001395,0.00262513253941069,13
"pain_only_vs_cancer_only",-0.0172556951913792,0.00236920575712945,13
"cancer_and_pain_vs_neither",0.254099664519165,0.00159581200011327,14
"cancer_and_pain_vs_cancer_only",0.0352596170433887,0.00288456475040624,14
"pain_only_vs_neither",0.201793571300707,0.00105272534872803,14
"cancer_only_vs_neither",0.218840047475776,0.00262505435009102,14
"pain_only_vs_cancer_only",-0.0170464761750685,0.00236683459887201,14
"cancer_and_pain_vs_neither",0.254137382581752,0.00159518177263903,15
"cancer_and_pain_vs_cancer_only",0.0353698138588141,0.00288463733691369,15
"pain_only_vs_neither",0.201746414568545,0.00105143982822666,15
"cancer_only_vs_neither",0.218767568722938,0.00262542165683677,15
"pain_only_vs_cancer_only",-0.0170211541543923,0.00236767586470895,15
"cancer_and_pain_vs_neither",0.254234365441858,0.00159518803717693,16
"cancer_and_pain_vs_cancer_only",0.0353639711638715,0.00288501952989658,16
"pain_only_vs_neither",0.201804132843517,0.00105257318104666,16
"cancer_only_vs_neither",0.218870394277986,0.00262482794570333,16
"pain_only_vs_cancer_only",-0.0170662614344696,0.00236762732999975,16
"cancer_and_pain_vs_neither",0.253927436181539,0.00159652098596477,17
"cancer_and_pain_vs_cancer_only",0.0351513846546896,0.0028856140693781,17
"pain_only_vs_neither",0.201621793822248,0.00104679204561335,17
"cancer_only_vs_neither",0.21877605152685,0.0026247781261982,17
"pain_only_vs_cancer_only",-0.0171542577046017,0.00236921174093791,17
"cancer_and_pain_vs_neither",0.254062827509846,0.00159574704715448,18
"cancer_and_pain_vs_cancer_only",0.0353578552328885,0.00288423934061381,18
"pain_only_vs_neither",0.201636503501518,0.0010520898193502,18
"cancer_only_vs_neither",0.218704972276957,0.00262656589754844,18
"pain_only_vs_cancer_only",-0.0170684687754391,0.002369798945536,18
"cancer_and_pain_vs_neither",0.254067552131037,0.00159495298152297,19
"cancer_and_pain_vs_cancer_only",0.0352596805333528,0.00288507997590628,19
"pain_only_vs_neither",0.201743311747435,0.00105276005381342,19
"cancer_only_vs_neither",0.218807871597685,0.00262521373986625,19
"pain_only_vs_cancer_only",-0.0170645598502498,0.00236769587597675,19
"cancer_and_pain_vs_neither",0.254162050040298,0.00159560130839356,20
"cancer_and_pain_vs_cancer_only",0.0353696060170337,0.00288502252305704,20
"pain_only_vs_neither",0.201688349064383,0.00105241088367923,20
"cancer_only_vs_neither",0.218792444023264,0.00262603825049382,20
"pain_only_vs_cancer_only",-0.0171040949588815,0.00236789489613896,20
