cohort,estimand,category,rr,conf_low,conf_high,step
SHARE,onset,mild_or_1_site,1.15703433436555,1.02211047807436,1.30976883577486,1
SHARE,onset,moderate_or_2_sites,1.24075786177302,1.13123156043566,1.36088854430358,2
SHARE,onset,severe_or_3plus_sites,1.45282726624275,1.27384557321731,1.65695678496367,3
CHARLS,onset,mild_or_1_site,1.40869076267196,1.21628715862081,1.63153055655664,1
CHARLS,onset,moderate_or_2_sites,1.29202842275323,1.13673857562894,1.4685324145691,2
CHARLS,onset,severe_or_3plus_sites,1.39453847544049,1.27072819008288,1.53041191236739,3
SHARE,persistence,mild_or_1_site,1.19712348636785,1.09244882849555,1.31182770692069,1
SHARE,persistence,moderate_or_2_sites,1.17451876086455,1.10203044062317,1.25177514955279,2
SHARE,persistence,severe_or_3plus_sites,1.18562931668091,1.10860822546953,1.26800148535601,3
CHARLS,persistence,mild_or_1_site,1.15374290823876,1.06037716051299,1.25532946943827,1
CHARLS,persistence,moderate_or_2_sites,1.13147927591799,1.05120980823431,1.21787805041727,2
CHARLS,persistence,severe_or_3plus_sites,1.1622892818204,1.10617932714912,1.22124536363937,3
HRS,onset,mild_vs_none,1.28641932272156,1.14388682358047,1.44671189470607,1
HRS,onset,moderate_vs_none,1.53585508636635,1.39336117867372,1.69292132034471,2
HRS,onset,severe_vs_none,1.56159439188719,1.37978829360962,1.76735594588504,3
HRS,persistence,mild_vs_none,1.17038644499597,1.0633406539024,1.28820846414854,1
HRS,persistence,moderate_vs_none,1.21368993521564,1.13061717881471,1.30286651082731,2
HRS,persistence,severe_vs_none,1.25760381881872,1.16753600939727,1.35461977393219,3
